Negative,Positive,Uncertainty
ABANDON,ABUNDANCE,ABEYANCES
ABANDONED,ABUNDANT,ALMOST
ABANDONING,ACCLAIMED,ALTERATION
ABANDONMENT,ACCOMPLISH,ALTERATIONS
ABANDONMENTS,ACCOMPLISHED,AMBIGUITIES
ABANDONS,ACCOMPLISHES,AMBIGUITY
ABDICATED,ACCOMPLISHING,AMBIGUOUS
ABDICATES,ACCOMPLISHMENT,ANOMALIES
ABDICATING,ACCOMPLISHMENTS,ANOMALOUS
ABDICATION,ACHIEVE,ANOMALOUSLY
ABDICATIONS,ACHIEVED,ANOMALY
ABERRANT,ACHIEVEMENT,ANTICIPATE
ABERRATION,ACHIEVEMENTS,ANTICIPATED
ABERRATIONAL,ACHIEVES,ANTICIPATES
ABERRATIONS,ACHIEVING,ANTICIPATING
ABETTING,ADEQUATELY,ANTICIPATION
ABNORMAL,ADVANCEMENT,ANTICIPATIONS
ABNORMALITIES,ADVANCEMENTS,APPARENT
ABNORMALITY,ADVANCES,APPARENTLY
ABNORMALLY,ADVANCING,APPEAR
ABOLISH,ADVANTAGE,APPEARED
ABOLISHED,ADVANTAGED,APPEARING
ABOLISHES,ADVANTAGEOUS,APPEARS
ABOLISHING,ADVANTAGEOUSLY,APPROXIMATE
ABROGATE,ADVANTAGES,APPROXIMATED
ABROGATED,ALLIANCE,APPROXIMATELY
ABROGATES,ALLIANCES,APPROXIMATES
ABROGATING,ASSURE,APPROXIMATING
ABROGATION,ASSURED,APPROXIMATION
ABROGATIONS,ASSURES,APPROXIMATIONS
ABRUPT,ASSURING,ARBITRARILY
ABRUPTLY,ATTAIN,ARBITRARINESS
ABRUPTNESS,ATTAINED,ARBITRARY
ABSENCE,ATTAINING,ASSUME
ABSENCES,ATTAINMENT,ASSUMED
ABSENTEEISM,ATTAINMENTS,ASSUMES
ABUSE,ATTAINS,ASSUMING
ABUSED,ATTRACTIVE,ASSUMPTION
ABUSES,ATTRACTIVENESS,ASSUMPTIONS
ABUSING,BEAUTIFUL,BELIEVE
ABUSIVE,BEAUTIFULLY,BELIEVED
ABUSIVELY,BENEFICIAL,BELIEVES
ABUSIVENESS,BENEFICIALLY,BELIEVING
ACCIDENT,BENEFIT,CAUTIOUS
ACCIDENTAL,BENEFITED,CAUTIOUSLY
ACCIDENTALLY,BENEFITING,CAUTIOUSNESS
ACCIDENTS,BENEFITTED,CLARIFICATION
ACCUSATION,BENEFITTING,CLARIFICATIONS
ACCUSATIONS,BEST,CONCEIVABLE
ACCUSE,BETTER,CONCEIVABLY
ACCUSED,BOLSTERED,CONDITIONAL
ACCUSES,BOLSTERING,CONDITIONALLY
ACCUSING,BOLSTERS,CONFUSES
ACQUIESCE,BOOM,CONFUSING
ACQUIESCED,BOOMING,CONFUSINGLY
ACQUIESCES,BOOST,CONFUSION
ACQUIESCING,BOOSTED,CONTINGENCIES
ACQUIT,BREAKTHROUGH,CONTINGENCY
ACQUITS,BREAKTHROUGHS,CONTINGENT
ACQUITTAL,BRILLIANT,CONTINGENTLY
ACQUITTALS,CHARITABLE,CONTINGENTS
ACQUITTED,COLLABORATE,COULD
ACQUITTING,COLLABORATED,CROSSROAD
ADULTERATE,COLLABORATES,CROSSROADS
ADULTERATED,COLLABORATING,DEPEND
ADULTERATING,COLLABORATION,DEPENDED
ADULTERATION,COLLABORATIONS,DEPENDENCE
ADULTERATIONS,COLLABORATIVE,DEPENDENCIES
ADVERSARIAL,COLLABORATOR,DEPENDENCY
ADVERSARIES,COLLABORATORS,DEPENDENT
ADVERSARY,COMPLIMENT,DEPENDING
ADVERSE,COMPLIMENTARY,DEPENDS
ADVERSELY,COMPLIMENTED,DESTABILIZING
ADVERSITIES,COMPLIMENTING,DEVIATE
ADVERSITY,COMPLIMENTS,DEVIATED
AFTERMATH,CONCLUSIVE,DEVIATES
AFTERMATHS,CONCLUSIVELY,DEVIATING
AGAINST,CONDUCIVE,DEVIATION
AGGRAVATE,CONFIDENT,DEVIATIONS
AGGRAVATED,CONSTRUCTIVE,DIFFER
AGGRAVATES,CONSTRUCTIVELY,DIFFERED
AGGRAVATING,COURTEOUS,DIFFERING
AGGRAVATION,CREATIVE,DIFFERS
AGGRAVATIONS,CREATIVELY,DOUBT
ALERTED,CREATIVENESS,DOUBTED
ALERTING,CREATIVITY,DOUBTFUL
ALIENATE,DELIGHT,DOUBTS
ALIENATED,DELIGHTED,EXPOSURE
ALIENATES,DELIGHTFUL,EXPOSURES
ALIENATING,DELIGHTFULLY,FLUCTUATE
ALIENATION,DELIGHTING,FLUCTUATED
ALIENATIONS,DELIGHTS,FLUCTUATES
ALLEGATION,DEPENDABILITY,FLUCTUATING
ALLEGATIONS,DEPENDABLE,FLUCTUATION
ALLEGE,DESIRABLE,FLUCTUATIONS
ALLEGED,DESIRED,HIDDEN
ALLEGEDLY,DESPITE,HINGES
ALLEGES,DESTINED,IMPRECISE
ALLEGING,DILIGENT,IMPRECISION
ANNOY,DILIGENTLY,IMPRECISIONS
ANNOYANCE,DISTINCTION,IMPROBABILITY
ANNOYANCES,DISTINCTIONS,IMPROBABLE
ANNOYED,DISTINCTIVE,INCOMPLETENESS
ANNOYING,DISTINCTIVELY,INDEFINITE
ANNOYS,DISTINCTIVENESS,INDEFINITELY
ANNUL,DREAM,INDEFINITENESS
ANNULLED,EASIER,INDETERMINABLE
ANNULLING,EASILY,INDETERMINATE
ANNULMENT,EASY,INEXACT
ANNULMENTS,EFFECTIVE,INEXACTNESS
ANNULS,EFFICIENCIES,INSTABILITIES
ANOMALIES,EFFICIENCY,INSTABILITY
ANOMALOUS,EFFICIENT,INTANGIBLE
ANOMALOUSLY,EFFICIENTLY,INTANGIBLES
ANOMALY,EMPOWER,LIKELIHOOD
ANTICOMPETITIVE,EMPOWERED,MAY
ANTITRUST,EMPOWERING,MAYBE
ARGUE,EMPOWERS,MIGHT
ARGUED,ENABLE,NEARLY
ARGUING,ENABLED,NONASSESSABLE
ARGUMENT,ENABLES,OCCASIONALLY
ARGUMENTATIVE,ENABLING,ORDINARILY
ARGUMENTS,ENCOURAGED,PENDING
ARREARAGE,ENCOURAGEMENT,PERHAPS
ARREARAGES,ENCOURAGES,POSSIBILITIES
ARREARS,ENCOURAGING,POSSIBILITY
ARREST,ENHANCE,POSSIBLE
ARRESTED,ENHANCED,POSSIBLY
ARRESTS,ENHANCEMENT,PRECAUTION
ARTIFICIALLY,ENHANCEMENTS,PRECAUTIONARY
ASSAULT,ENHANCES,PRECAUTIONS
ASSAULTED,ENHANCING,PREDICT
ASSAULTING,ENJOY,PREDICTABILITY
ASSAULTS,ENJOYABLE,PREDICTED
ASSERTIONS,ENJOYABLY,PREDICTING
ATTRITION,ENJOYED,PREDICTION
AVERSELY,ENJOYING,PREDICTIONS
BACKDATING,ENJOYMENT,PREDICTIVE
BAD,ENJOYS,PREDICTOR
BAIL,ENTHUSIASM,PREDICTORS
BAILOUT,ENTHUSIASTIC,PREDICTS
BALK,ENTHUSIASTICALLY,PRELIMINARILY
BALKED,EXCELLENCE,PRELIMINARY
BANKRUPT,EXCELLENT,PRESUMABLY
BANKRUPTCIES,EXCELLING,PRESUME
BANKRUPTCY,EXCELS,PRESUMED
BANKRUPTED,EXCEPTIONAL,PRESUMES
BANKRUPTING,EXCEPTIONALLY,PRESUMING
BANKRUPTS,EXCITED,PRESUMPTION
BANS,EXCITEMENT,PRESUMPTIONS
BARRED,EXCITING,PROBABILISTIC
BARRIER,EXCLUSIVE,PROBABILITIES
BARRIERS,EXCLUSIVELY,PROBABILITY
BOTTLENECK,EXCLUSIVENESS,PROBABLE
BOTTLENECKS,EXCLUSIVES,PROBABLY
BOYCOTT,EXCLUSIVITY,RANDOM
BOYCOTTED,EXEMPLARY,RANDOMIZE
BOYCOTTING,FANTASTIC,RANDOMIZED
BOYCOTTS,FAVORABLE,RANDOMIZES
BREACH,FAVORABLY,RANDOMIZING
BREACHED,FAVORED,RANDOMLY
BREACHES,FAVORING,RANDOMNESS
BREACHING,FAVORITE,REASSESS
BREAK,FAVORITES,REASSESSED
BREAKAGE,FRIENDLY,REASSESSES
BREAKAGES,GAIN,REASSESSING
BREAKDOWN,GAINED,REASSESSMENT
BREAKDOWNS,GAINING,REASSESSMENTS
BREAKING,GAINS,RECALCULATE
BREAKS,GOOD,RECALCULATED
BRIBE,GREAT,RECALCULATES
BRIBED,GREATER,RECALCULATING
BRIBERIES,GREATEST,RECALCULATION
BRIBERY,GREATLY,RECALCULATIONS
BRIBES,GREATNESS,RECONSIDER
BRIBING,HAPPIEST,RECONSIDERED
BRIDGE,HAPPILY,RECONSIDERING
BROKEN,HAPPINESS,RECONSIDERS
BURDEN,HAPPY,REEXAMINATION
BURDENED,HIGHEST,REEXAMINE
BURDENING,HONOR,REEXAMINING
BURDENS,HONORABLE,REINTERPRET
BURDENSOME,HONORED,REINTERPRETATION
BURNED,HONORING,REINTERPRETATIONS
CALAMITIES,HONORS,REINTERPRETED
CALAMITOUS,IDEAL,REINTERPRETING
CALAMITY,IMPRESS,REINTERPRETS
CANCEL,IMPRESSED,REVISE
CANCELED,IMPRESSES,REVISED
CANCELING,IMPRESSING,RISK
CANCELLATION,IMPRESSIVE,RISKED
CANCELLATIONS,IMPRESSIVELY,RISKIER
CANCELLED,IMPROVE,RISKIEST
CANCELLING,IMPROVED,RISKINESS
CANCELS,IMPROVEMENT,RISKING
CARELESS,IMPROVEMENTS,RISKS
CARELESSLY,IMPROVES,RISKY
CARELESSNESS,IMPROVING,ROUGHLY
CATASTROPHE,INCREDIBLE,RUMORS
CATASTROPHES,INCREDIBLY,SEEMS
CATASTROPHIC,INFLUENTIAL,SELDOM
CATASTROPHICALLY,INFORMATIVE,SELDOMLY
CAUTION,INGENUITY,SOMETIME
CAUTIONARY,INNOVATE,SOMETIMES
CAUTIONED,INNOVATED,SOMEWHAT
CAUTIONING,INNOVATES,SOMEWHERE
CAUTIONS,INNOVATING,SPECULATE
CEASE,INNOVATION,SPECULATED
CEASED,INNOVATIONS,SPECULATES
CEASES,INNOVATIVE,SPECULATING
CEASING,INNOVATIVENESS,SPECULATION
CENSURE,INNOVATOR,SPECULATIONS
CENSURED,INNOVATORS,SPECULATIVE
CENSURES,INSIGHTFUL,SPECULATIVELY
CENSURING,INSPIRATION,SPORADIC
CHALLENGE,INSPIRATIONAL,SPORADICALLY
CHALLENGED,INTEGRITY,SUDDEN
CHALLENGES,INVENT,SUDDENLY
CHALLENGING,INVENTED,SUGGEST
CHARGEOFFS,INVENTING,SUGGESTED
CIRCUMVENT,INVENTION,SUGGESTING
CIRCUMVENTED,INVENTIONS,SUGGESTS
CIRCUMVENTING,INVENTIVE,SUSCEPTIBILITY
CIRCUMVENTION,INVENTIVENESS,TENDING
CIRCUMVENTIONS,INVENTOR,TENTATIVE
CIRCUMVENTS,INVENTORS,TENTATIVELY
CLAIMING,LEADERSHIP,TURBULENCE
CLAIMS,LEADING,UNCERTAIN
CLAWBACK,LOYAL,UNCERTAINLY
CLOSED,LUCRATIVE,UNCERTAINTIES
CLOSEOUT,MERITORIOUS,UNCERTAINTY
CLOSEOUTS,OPPORTUNITIES,UNCLEAR
CLOSING,OPPORTUNITY,UNCONFIRMED
CLOSINGS,OPTIMISTIC,UNDECIDED
CLOSURE,OUTPERFORM,UNDEFINED
CLOSURES,OUTPERFORMED,UNDESIGNATED
COERCE,OUTPERFORMING,UNDETECTABLE
COERCED,OUTPERFORMS,UNDETERMINABLE
COERCES,PERFECT,UNDETERMINED
COERCING,PERFECTED,UNDOCUMENTED
COERCION,PERFECTLY,UNEXPECTED
COERCIVE,PERFECTS,UNEXPECTEDLY
COLLAPSE,PLEASANT,UNFAMILIAR
COLLAPSED,PLEASANTLY,UNFAMILIARITY
COLLAPSES,PLEASED,UNFORECASTED
COLLAPSING,PLEASURE,UNFORSEEN
COLLISION,PLENTIFUL,UNGUARANTEED
COLLISIONS,POPULAR,UNHEDGED
COLLUDE,POPULARITY,UNIDENTIFIABLE
COLLUDED,POSITIVE,UNIDENTIFIED
COLLUDES,POSITIVELY,UNKNOWN
COLLUDING,PREEMINENCE,UNKNOWNS
COLLUSION,PREEMINENT,UNOBSERVABLE
COLLUSIONS,PREMIER,UNPLANNED
COLLUSIVE,PREMIERE,UNPREDICTABILITY
COMPLAIN,PRESTIGE,UNPREDICTABLE
COMPLAINED,PRESTIGIOUS,UNPREDICTABLY
COMPLAINING,PROACTIVE,UNPREDICTED
COMPLAINS,PROACTIVELY,UNPROVED
COMPLAINT,PROFICIENCY,UNPROVEN
COMPLAINTS,PROFICIENT,UNQUANTIFIABLE
COMPLICATE,PROFICIENTLY,UNQUANTIFIED
COMPLICATED,PROFITABILITY,UNRECONCILED
COMPLICATES,PROFITABLE,UNSEASONABLE
COMPLICATING,PROFITABLY,UNSEASONABLY
COMPLICATION,PROGRESS,UNSETTLED
COMPLICATIONS,PROGRESSED,UNSPECIFIC
COMPULSION,PROGRESSES,UNSPECIFIED
CONCEALED,PROGRESSING,UNTESTED
CONCEALING,PROSPERED,UNUSUAL
CONCEDE,PROSPERING,UNUSUALLY
CONCEDED,PROSPERITY,UNWRITTEN
CONCEDES,PROSPEROUS,VAGARIES
CONCEDING,PROSPERS,VAGUE
CONCERN,REBOUND,VAGUELY
CONCERNED,REBOUNDED,VAGUENESS
CONCERNS,REBOUNDING,VAGUENESSES
CONCILIATING,RECEPTIVE,VAGUER
CONCILIATION,REGAIN,VAGUEST
CONCILIATIONS,REGAINED,VARIABILITY
CONDEMN,REGAINING,VARIABLE
CONDEMNATION,RESOLVE,VARIABLES
CONDEMNATIONS,REVOLUTIONIZE,VARIABLY
CONDEMNED,REVOLUTIONIZED,VARIANCE
CONDEMNING,REVOLUTIONIZES,VARIANCES
CONDEMNS,REVOLUTIONIZING,VARIANT
CONDONE,REWARD,VARIANTS
CONDONED,REWARDED,VARIATION
CONFESS,REWARDING,VARIATIONS
CONFESSED,REWARDS,VARIED
CONFESSES,SATISFACTION,VARIES
CONFESSING,SATISFACTORILY,VARY
CONFESSION,SATISFACTORY,VARYING
CONFINE,SATISFIED,VOLATILE
CONFINED,SATISFIES,VOLATILITIES
CONFINEMENT,SATISFY,VOLATILITY
CONFINEMENTS,SATISFYING,hold 
CONFINES,SMOOTH,neutral
CONFINING,SMOOTHING,market perform
CONFISCATE,SMOOTHLY,
CONFISCATED,SMOOTHS,
CONFISCATES,SOLVES,
CONFISCATING,SOLVING,
CONFISCATION,SPECTACULAR,
CONFISCATIONS,SPECTACULARLY,
CONFLICT,STABILITY,
CONFLICTED,STABILIZATION,
CONFLICTING,STABILIZATIONS,
CONFLICTS,STABILIZE,
CONFRONT,STABILIZED,
CONFRONTATION,STABILIZES,
CONFRONTATIONAL,STABILIZING,
CONFRONTATIONS,STABLE,
CONFRONTED,STRENGTH,
CONFRONTING,STRENGTHEN,
CONFRONTS,STRENGTHENED,
CONFUSE,STRENGTHENING,
CONFUSED,STRENGTHENS,
CONFUSES,STRENGTHS,
CONFUSING,STRONG,
CONFUSINGLY,STRONGER,
CONFUSION,STRONGEST,
CONSPIRACIES,SUCCEED,
CONSPIRACY,SUCCEEDED,
CONSPIRATOR,SUCCEEDING,
CONSPIRATORIAL,SUCCEEDS,
CONSPIRATORS,SUCCESS,
CONSPIRE,SUCCESSES,
CONSPIRED,SUCCESSFUL,
CONSPIRES,SUCCESSFULLY,
CONSPIRING,SUPERIOR,
CONTEMPT,SURPASS,
CONTEND,SURPASSED,
CONTENDED,SURPASSES,
CONTENDING,SURPASSING,
CONTENDS,TRANSPARENCY,
CONTENTION,TREMENDOUS,
CONTENTIONS,TREMENDOUSLY,
CONTENTIOUS,UNMATCHED,
CONTENTIOUSLY,UNPARALLELED,
CONTESTED,UNSURPASSED,
CONTESTING,UPTURN,
CONTRACTION,UPTURNS,
CONTRACTIONS,VALUABLE,
CONTRADICT,VERSATILE,
CONTRADICTED,VERSATILITY,
CONTRADICTING,VIBRANCY,
CONTRADICTION,VIBRANT,
CONTRADICTIONS,WIN,
CONTRADICTORY,WINNER,
CONTRADICTS,WINNERS,
CONTRARY,WINNING,
CONTROVERSIAL,WORTHY,
CONTROVERSIES,bull,
CONTROVERSY,bull run,
CONVICT,bullock,
CONVICTED,mart,
CONVICTING,marketing,
CONVICTION,bullish,
CONVICTIONS,metador,
CORRECTED,taurine,
CORRECTING,bullfight,
CORRECTION,butcher,
CORRECTIONS,trade,
CORRECTS,flea market,
CORRUPT,marketable,
CORRUPTED,bazaar,
CORRUPTING,moo,
CORRUPTION,bullion,
CORRUPTIONS,rally,
CORRUPTLY,slaughter,
CORRUPTNESS,stallholder,
COSTLY,bulla,
COUNTERCLAIM,long,
COUNTERCLAIMED,pit bull,
COUNTERCLAIMING,ATH,
COUNTERCLAIMS,arbitrage,
COUNTERFEIT,bullfighting,
COUNTERFEITED,buy,
COUNTERFEITER,outperform,
COUNTERFEITERS,sector perform,
COUNTERFEITING,hot bulles,
COUNTERFEITS,overweight,
COUNTERMEASURE,positive,
COUNTERMEASURES,strong buy,
CRIME,,
CRIMES,,
CRIMINAL,,
CRIMINALLY,,
CRIMINALS,,
CRISES,,
CRISIS,,
CRITICAL,,
CRITICALLY,,
CRITICISM,,
CRITICISMS,,
CRITICIZE,,
CRITICIZED,,
CRITICIZES,,
CRITICIZING,,
CRUCIAL,,
CRUCIALLY,,
CULPABILITY,,
CULPABLE,,
CULPABLY,,
CUMBERSOME,,
CURTAIL,,
CURTAILED,,
CURTAILING,,
CURTAILMENT,,
CURTAILMENTS,,
CURTAILS,,
CUT,,
CUTBACK,,
CUTBACKS,,
CYBERATTACK,,
CYBERATTACKS,,
CYBERBULLYING,,
CYBERCRIME,,
CYBERCRIMES,,
CYBERCRIMINAL,,
CYBERCRIMINALS,,
DAMAGE,,
DAMAGED,,
DAMAGES,,
DAMAGING,,
DAMPEN,,
DAMPENED,,
DANGER,,
DANGEROUS,,
DANGEROUSLY,,
DANGERS,,
DEADLOCK,,
DEADLOCKED,,
DEADLOCKING,,
DEADLOCKS,,
DEADWEIGHT,,
DEADWEIGHTS,,
DEBARMENT,,
DEBARMENTS,,
DEBARRED,,
DECEASED,,
DECEIT,,
DECEITFUL,,
DECEITFULNESS,,
DECEIVE,,
DECEIVED,,
DECEIVES,,
DECEIVING,,
DECEPTION,,
DECEPTIONS,,
DECEPTIVE,,
DECEPTIVELY,,
DECLINE,,
DECLINED,,
DECLINES,,
DECLINING,,
DEFACE,,
DEFACED,,
DEFACEMENT,,
DEFAMATION,,
DEFAMATIONS,,
DEFAMATORY,,
DEFAME,,
DEFAMED,,
DEFAMES,,
DEFAMING,,
DEFAULT,,
DEFAULTED,,
DEFAULTING,,
DEFAULTS,,
DEFEAT,,
DEFEATED,,
DEFEATING,,
DEFEATS,,
DEFECT,,
DEFECTIVE,,
DEFECTS,,
DEFEND,,
DEFENDANT,,
DEFENDANTS,,
DEFENDED,,
DEFENDING,,
DEFENDS,,
DEFENSIVE,,
DEFER,,
DEFICIENCIES,,
DEFICIENCY,,
DEFICIENT,,
DEFICIT,,
DEFICITS,,
DEFRAUD,,
DEFRAUDED,,
DEFRAUDING,,
DEFRAUDS,,
DEFUNCT,,
DEGRADATION,,
DEGRADATIONS,,
DEGRADE,,
DEGRADED,,
DEGRADES,,
DEGRADING,,
DELAY,,
DELAYED,,
DELAYING,,
DELAYS,,
DELETERIOUS,,
DELIBERATE,,
DELIBERATED,,
DELIBERATELY,,
DELINQUENCIES,,
DELINQUENCY,,
DELINQUENT,,
DELINQUENTLY,,
DELINQUENTS,,
DELIST,,
DELISTED,,
DELISTING,,
DELISTS,,
DEMISE,,
DEMISED,,
DEMISES,,
DEMISING,,
DEMOLISH,,
DEMOLISHED,,
DEMOLISHES,,
DEMOLISHING,,
DEMOLITION,,
DEMOLITIONS,,
DEMOTE,,
DEMOTED,,
DEMOTES,,
DEMOTING,,
DEMOTION,,
DEMOTIONS,,
DENIAL,,
DENIALS,,
DENIED,,
DENIES,,
DENIGRATE,,
DENIGRATED,,
DENIGRATES,,
DENIGRATING,,
DENIGRATION,,
DENY,,
DENYING,,
DEPLETE,,
DEPLETED,,
DEPLETES,,
DEPLETING,,
DEPLETION,,
DEPLETIONS,,
DEPRECATION,,
DEPRESS,,
DEPRESSED,,
DEPRESSES,,
DEPRESSING,,
DEPRIVATION,,
DEPRIVE,,
DEPRIVED,,
DEPRIVES,,
DEPRIVING,,
DERELICT,,
DERELICTION,,
DEROGATORY,,
DESTABILIZATION,,
DESTABILIZE,,
DESTABILIZED,,
DESTABILIZING,,
DESTROY,,
DESTROYED,,
DESTROYING,,
DESTROYS,,
DESTRUCTION,,
DESTRUCTIVE,,
DETAIN,,
DETAINED,,
DETENTION,,
DETENTIONS,,
DETER,,
DETERIORATE,,
DETERIORATED,,
DETERIORATES,,
DETERIORATING,,
DETERIORATION,,
DETERIORATIONS,,
DETERRED,,
DETERRENCE,,
DETERRENCES,,
DETERRENT,,
DETERRENTS,,
DETERRING,,
DETERS,,
DETRACT,,
DETRACTED,,
DETRACTING,,
DETRIMENT,,
DETRIMENTAL,,
DETRIMENTALLY,,
DETRIMENTS,,
DEVALUE,,
DEVALUED,,
DEVALUES,,
DEVALUING,,
DEVASTATE,,
DEVASTATED,,
DEVASTATING,,
DEVASTATION,,
DEVIATE,,
DEVIATED,,
DEVIATES,,
DEVIATING,,
DEVIATION,,
DEVIATIONS,,
DEVOLVE,,
DEVOLVED,,
DEVOLVES,,
DEVOLVING,,
DIFFICULT,,
DIFFICULTIES,,
DIFFICULTLY,,
DIFFICULTY,,
DIMINISH,,
DIMINISHED,,
DIMINISHES,,
DIMINISHING,,
DIMINUTION,,
DISADVANTAGE,,
DISADVANTAGED,,
DISADVANTAGEOUS,,
DISADVANTAGES,,
DISAFFILIATION,,
DISAGREE,,
DISAGREEABLE,,
DISAGREED,,
DISAGREEING,,
DISAGREEMENT,,
DISAGREEMENTS,,
DISAGREES,,
DISALLOW,,
DISALLOWANCE,,
DISALLOWANCES,,
DISALLOWED,,
DISALLOWING,,
DISALLOWS,,
DISAPPEAR,,
DISAPPEARANCE,,
DISAPPEARANCES,,
DISAPPEARED,,
DISAPPEARING,,
DISAPPEARS,,
DISAPPOINT,,
DISAPPOINTED,,
DISAPPOINTING,,
DISAPPOINTINGLY,,
DISAPPOINTMENT,,
DISAPPOINTMENTS,,
DISAPPOINTS,,
DISAPPROVAL,,
DISAPPROVALS,,
DISAPPROVE,,
DISAPPROVED,,
DISAPPROVES,,
DISAPPROVING,,
DISASSOCIATES,,
DISASSOCIATING,,
DISASSOCIATION,,
DISASSOCIATIONS,,
DISASTER,,
DISASTERS,,
DISASTROUS,,
DISASTROUSLY,,
DISAVOW,,
DISAVOWAL,,
DISAVOWED,,
DISAVOWING,,
DISAVOWS,,
DISCIPLINARY,,
DISCLAIM,,
DISCLAIMED,,
DISCLAIMER,,
DISCLAIMERS,,
DISCLAIMING,,
DISCLAIMS,,
DISCLOSE,,
DISCLOSED,,
DISCLOSES,,
DISCLOSING,,
DISCONTINUANCE,,
DISCONTINUANCES,,
DISCONTINUATION,,
DISCONTINUATIONS,,
DISCONTINUE,,
DISCONTINUED,,
DISCONTINUES,,
DISCONTINUING,,
DISCOURAGE,,
DISCOURAGED,,
DISCOURAGES,,
DISCOURAGING,,
DISCREDIT,,
DISCREDITED,,
DISCREDITING,,
DISCREDITS,,
DISCREPANCIES,,
DISCREPANCY,,
DISFAVOR,,
DISFAVORED,,
DISFAVORING,,
DISFAVORS,,
DISGORGE,,
DISGORGED,,
DISGORGEMENT,,
DISGORGEMENTS,,
DISGORGES,,
DISGORGING,,
DISGRACE,,
DISGRACEFUL,,
DISGRACEFULLY,,
DISHONEST,,
DISHONESTLY,,
DISHONESTY,,
DISHONOR,,
DISHONORABLE,,
DISHONORABLY,,
DISHONORED,,
DISHONORING,,
DISHONORS,,
DISINCENTIVES,,
DISINTERESTED,,
DISINTERESTEDLY,,
DISINTERESTEDNESS,,
DISLOYAL,,
DISLOYALLY,,
DISLOYALTY,,
DISMAL,,
DISMALLY,,
DISMISS,,
DISMISSAL,,
DISMISSALS,,
DISMISSED,,
DISMISSES,,
DISMISSING,,
DISORDERLY,,
DISPARAGE,,
DISPARAGED,,
DISPARAGEMENT,,
DISPARAGEMENTS,,
DISPARAGES,,
DISPARAGING,,
DISPARAGINGLY,,
DISPARITIES,,
DISPARITY,,
DISPLACE,,
DISPLACED,,
DISPLACEMENT,,
DISPLACEMENTS,,
DISPLACES,,
DISPLACING,,
DISPOSE,,
DISPOSSESS,,
DISPOSSESSED,,
DISPOSSESSES,,
DISPOSSESSING,,
DISPROPORTION,,
DISPROPORTIONAL,,
DISPROPORTIONATE,,
DISPROPORTIONATELY,,
DISPUTE,,
DISPUTED,,
DISPUTES,,
DISPUTING,,
DISQUALIFICATION,,
DISQUALIFICATIONS,,
DISQUALIFIED,,
DISQUALIFIES,,
DISQUALIFY,,
DISQUALIFYING,,
DISREGARD,,
DISREGARDED,,
DISREGARDING,,
DISREGARDS,,
DISREPUTABLE,,
DISREPUTE,,
DISRUPT,,
DISRUPTED,,
DISRUPTING,,
DISRUPTION,,
DISRUPTIONS,,
DISRUPTIVE,,
DISRUPTS,,
DISSATISFACTION,,
DISSATISFIED,,
DISSENT,,
DISSENTED,,
DISSENTER,,
DISSENTERS,,
DISSENTING,,
DISSENTS,,
DISSIDENT,,
DISSIDENTS,,
DISSOLUTION,,
DISSOLUTIONS,,
DISTORT,,
DISTORTED,,
DISTORTING,,
DISTORTION,,
DISTORTIONS,,
DISTORTS,,
DISTRACT,,
DISTRACTED,,
DISTRACTING,,
DISTRACTION,,
DISTRACTIONS,,
DISTRACTS,,
DISTRESS,,
DISTRESSED,,
DISTURB,,
DISTURBANCE,,
DISTURBANCES,,
DISTURBED,,
DISTURBING,,
DISTURBS,,
DIVERSION,,
DIVERT,,
DIVERTED,,
DIVERTING,,
DIVERTS,,
DIVEST,,
DIVESTED,,
DIVESTING,,
DIVESTITURE,,
DIVESTITURES,,
DIVESTMENT,,
DIVESTMENTS,,
DIVESTS,,
DIVORCE,,
DIVORCED,,
DIVULGE,,
DIVULGED,,
DIVULGES,,
DIVULGING,,
DOUBT,,
DOUBTED,,
DOUBTFUL,,
DOUBTS,,
DOWNGRADE,,
DOWNGRADED,,
DOWNGRADES,,
DOWNGRADING,,
DOWNSIZE,,
DOWNSIZED,,
DOWNSIZES,,
DOWNSIZING,,
DOWNSIZINGS,,
DOWNTIME,,
DOWNTIMES,,
DOWNTURN,,
DOWNTURNS,,
DOWNWARD,,
DOWNWARDS,,
DRAG,,
DRASTIC,,
DRASTICALLY,,
DRAWBACK,,
DRAWBACKS,,
DROPPED,,
DROUGHT,,
DROUGHTS,,
DURESS,,
DYSFUNCTION,,
DYSFUNCTIONAL,,
DYSFUNCTIONS,,
EASING,,
EGREGIOUS,,
EGREGIOUSLY,,
EMBARGO,,
EMBARGOED,,
EMBARGOES,,
EMBARGOING,,
EMBARRASS,,
EMBARRASSED,,
EMBARRASSES,,
EMBARRASSING,,
EMBARRASSMENT,,
EMBARRASSMENTS,,
EMBEZZLE,,
EMBEZZLED,,
EMBEZZLEMENT,,
EMBEZZLEMENTS,,
EMBEZZLER,,
EMBEZZLES,,
EMBEZZLING,,
ENCROACH,,
ENCROACHED,,
ENCROACHES,,
ENCROACHING,,
ENCROACHMENT,,
ENCROACHMENTS,,
ENCUMBER,,
ENCUMBERED,,
ENCUMBERING,,
ENCUMBERS,,
ENCUMBRANCE,,
ENCUMBRANCES,,
ENDANGER,,
ENDANGERED,,
ENDANGERING,,
ENDANGERMENT,,
ENDANGERS,,
ENJOIN,,
ENJOINED,,
ENJOINING,,
ENJOINS,,
ERODE,,
ERODED,,
ERODES,,
ERODING,,
EROSION,,
ERRATIC,,
ERRATICALLY,,
ERRED,,
ERRING,,
ERRONEOUS,,
ERRONEOUSLY,,
ERROR,,
ERRORS,,
ERRS,,
ESCALATE,,
ESCALATED,,
ESCALATES,,
ESCALATING,,
EVADE,,
EVADED,,
EVADES,,
EVADING,,
EVASION,,
EVASIONS,,
EVASIVE,,
EVICT,,
EVICTED,,
EVICTING,,
EVICTION,,
EVICTIONS,,
EVICTS,,
EXACERBATE,,
EXACERBATED,,
EXACERBATES,,
EXACERBATING,,
EXACERBATION,,
EXACERBATIONS,,
EXAGGERATE,,
EXAGGERATED,,
EXAGGERATES,,
EXAGGERATING,,
EXAGGERATION,,
EXCESSIVE,,
EXCESSIVELY,,
EXCULPATE,,
EXCULPATED,,
EXCULPATES,,
EXCULPATING,,
EXCULPATION,,
EXCULPATIONS,,
EXCULPATORY,,
EXONERATE,,
EXONERATED,,
EXONERATES,,
EXONERATING,,
EXONERATION,,
EXONERATIONS,,
EXPLOIT,,
EXPLOITATION,,
EXPLOITATIONS,,
EXPLOITATIVE,,
EXPLOITED,,
EXPLOITING,,
EXPLOITS,,
EXPOSE,,
EXPOSED,,
EXPOSES,,
EXPOSING,,
EXPROPRIATE,,
EXPROPRIATED,,
EXPROPRIATES,,
EXPROPRIATING,,
EXPROPRIATION,,
EXPROPRIATIONS,,
EXPULSION,,
EXPULSIONS,,
EXTENUATING,,
FAIL,,
FAILED,,
FAILING,,
FAILINGS,,
FAILS,,
FAILURE,,
FAILURES,,
FALLOUT,,
FALSE,,
FALSELY,,
FALSIFICATION,,
FALSIFICATIONS,,
FALSIFIED,,
FALSIFIES,,
FALSIFY,,
FALSIFYING,,
FALSITY,,
FATALITIES,,
FATALITY,,
FATALLY,,
FAULT,,
FAULTED,,
FAULTS,,
FAULTY,,
FEAR,,
FEARS,,
FELONIES,,
FELONIOUS,,
FELONY,,
FICTITIOUS,,
FINED,,
FINES,,
FIRED,,
FIRING,,
FLAW,,
FLAWED,,
FLAWS,,
FORBID,,
FORBIDDEN,,
FORBIDDING,,
FORBIDS,,
FORCE,,
FORCED,,
FORCING,,
FORECLOSE,,
FORECLOSED,,
FORECLOSES,,
FORECLOSING,,
FORECLOSURE,,
FORECLOSURES,,
FOREGO,,
FOREGOES,,
FOREGONE,,
FORESTALL,,
FORESTALLED,,
FORESTALLING,,
FORESTALLS,,
FORFEIT,,
FORFEITED,,
FORFEITING,,
FORFEITS,,
FORFEITURE,,
FORFEITURES,,
FORGERS,,
FORGERY,,
FRAUD,,
FRAUDS,,
FRAUDULENCE,,
FRAUDULENT,,
FRAUDULENTLY,,
FRIVOLOUS,,
FRIVOLOUSLY,,
FRUSTRATE,,
FRUSTRATED,,
FRUSTRATES,,
FRUSTRATING,,
FRUSTRATINGLY,,
FRUSTRATION,,
FRUSTRATIONS,,
FUGITIVE,,
FUGITIVES,,
GRATUITOUS,,
GRATUITOUSLY,,
GRIEVANCE,,
GRIEVANCES,,
GROSSLY,,
GROUNDLESS,,
GUILTY,,
HALT,,
HALTED,,
HAMPER,,
HAMPERED,,
HAMPERING,,
HAMPERS,,
HARASS,,
HARASSED,,
HARASSING,,
HARASSMENT,,
HARDSHIP,,
HARDSHIPS,,
HARM,,
HARMED,,
HARMFUL,,
HARMFULLY,,
HARMING,,
HARMS,,
HARSH,,
HARSHER,,
HARSHEST,,
HARSHLY,,
HARSHNESS,,
HAZARD,,
HAZARDOUS,,
HAZARDS,,
HINDER,,
HINDERED,,
HINDERING,,
HINDERS,,
HINDRANCE,,
HINDRANCES,,
HOSTILE,,
HOSTILITY,,
HURT,,
HURTING,,
IDLE,,
IDLED,,
IDLING,,
IGNORE,,
IGNORED,,
IGNORES,,
IGNORING,,
ILL,,
ILLEGAL,,
ILLEGALITIES,,
ILLEGALITY,,
ILLEGALLY,,
ILLEGIBLE,,
ILLICIT,,
ILLICITLY,,
ILLIQUID,,
ILLIQUIDITY,,
IMBALANCE,,
IMBALANCES,,
IMMATURE,,
IMMORAL,,
IMPAIR,,
IMPAIRED,,
IMPAIRING,,
IMPAIRMENT,,
IMPAIRMENTS,,
IMPAIRS,,
IMPASSE,,
IMPASSES,,
IMPEDE,,
IMPEDED,,
IMPEDES,,
IMPEDIMENT,,
IMPEDIMENTS,,
IMPEDING,,
IMPENDING,,
IMPERATIVE,,
IMPERFECTION,,
IMPERFECTIONS,,
IMPERIL,,
IMPERMISSIBLE,,
IMPLICATE,,
IMPLICATED,,
IMPLICATES,,
IMPLICATING,,
IMPOSSIBILITY,,
IMPOSSIBLE,,
IMPOUND,,
IMPOUNDED,,
IMPOUNDING,,
IMPOUNDS,,
IMPRACTICABLE,,
IMPRACTICAL,,
IMPRACTICALITIES,,
IMPRACTICALITY,,
IMPRISONMENT,,
IMPROPER,,
IMPROPERLY,,
IMPROPRIETIES,,
IMPROPRIETY,,
IMPRUDENT,,
IMPRUDENTLY,,
INABILITY,,
INACCESSIBLE,,
INACCURACIES,,
INACCURACY,,
INACCURATE,,
INACCURATELY,,
INACTION,,
INACTIONS,,
INACTIVATE,,
INACTIVATED,,
INACTIVATES,,
INACTIVATING,,
INACTIVATION,,
INACTIVATIONS,,
INACTIVITY,,
INADEQUACIES,,
INADEQUACY,,
INADEQUATE,,
INADEQUATELY,,
INADVERTENT,,
INADVERTENTLY,,
INADVISABILITY,,
INADVISABLE,,
INAPPROPRIATE,,
INAPPROPRIATELY,,
INATTENTION,,
INCAPABLE,,
INCAPACITATED,,
INCAPACITY,,
INCARCERATE,,
INCARCERATED,,
INCARCERATES,,
INCARCERATING,,
INCARCERATION,,
INCARCERATIONS,,
INCIDENCE,,
INCIDENCES,,
INCIDENT,,
INCIDENTS,,
INCOMPATIBILITIES,,
INCOMPATIBILITY,,
INCOMPATIBLE,,
INCOMPETENCE,,
INCOMPETENCY,,
INCOMPETENT,,
INCOMPETENTLY,,
INCOMPETENTS,,
INCOMPLETE,,
INCOMPLETELY,,
INCOMPLETENESS,,
INCONCLUSIVE,,
INCONSISTENCIES,,
INCONSISTENCY,,
INCONSISTENT,,
INCONSISTENTLY,,
INCONVENIENCE,,
INCONVENIENCES,,
INCONVENIENT,,
INCORRECT,,
INCORRECTLY,,
INCORRECTNESS,,
INDECENCY,,
INDECENT,,
INDEFEASIBLE,,
INDEFEASIBLY,,
INDICT,,
INDICTABLE,,
INDICTED,,
INDICTING,,
INDICTMENT,,
INDICTMENTS,,
INEFFECTIVE,,
INEFFECTIVELY,,
INEFFECTIVENESS,,
INEFFICIENCIES,,
INEFFICIENCY,,
INEFFICIENT,,
INEFFICIENTLY,,
INELIGIBILITY,,
INELIGIBLE,,
INEQUITABLE,,
INEQUITABLY,,
INEQUITIES,,
INEQUITY,,
INEVITABLE,,
INEXPERIENCE,,
INEXPERIENCED,,
INFERIOR,,
INFLICTED,,
INFRACTION,,
INFRACTIONS,,
INFRINGE,,
INFRINGED,,
INFRINGEMENT,,
INFRINGEMENTS,,
INFRINGES,,
INFRINGING,,
INHIBITED,,
INIMICAL,,
INJUNCTION,,
INJUNCTIONS,,
INJURE,,
INJURED,,
INJURES,,
INJURIES,,
INJURING,,
INJURIOUS,,
INJURY,,
INORDINATE,,
INORDINATELY,,
INQUIRY,,
INSECURE,,
INSENSITIVE,,
INSOLVENCIES,,
INSOLVENCY,,
INSOLVENT,,
INSTABILITY,,
INSUBORDINATION,,
INSUFFICIENCY,,
INSUFFICIENT,,
INSUFFICIENTLY,,
INSURRECTION,,
INSURRECTIONS,,
INTENTIONAL,,
INTERFERE,,
INTERFERED,,
INTERFERENCE,,
INTERFERENCES,,
INTERFERES,,
INTERFERING,,
INTERMITTENT,,
INTERMITTENTLY,,
INTERRUPT,,
INTERRUPTED,,
INTERRUPTING,,
INTERRUPTION,,
INTERRUPTIONS,,
INTERRUPTS,,
INTIMIDATION,,
INTRUSION,,
INVALID,,
INVALIDATE,,
INVALIDATED,,
INVALIDATES,,
INVALIDATING,,
INVALIDATION,,
INVALIDITY,,
INVESTIGATE,,
INVESTIGATED,,
INVESTIGATES,,
INVESTIGATING,,
INVESTIGATION,,
INVESTIGATIONS,,
INVOLUNTARILY,,
INVOLUNTARY,,
IRRECONCILABLE,,
IRRECONCILABLY,,
IRRECOVERABLE,,
IRRECOVERABLY,,
IRREGULAR,,
IRREGULARITIES,,
IRREGULARITY,,
IRREGULARLY,,
IRREPARABLE,,
IRREPARABLY,,
IRREVERSIBLE,,
JEOPARDIZE,,
JEOPARDIZED,,
JUSTIFIABLE,,
KICKBACK,,
KICKBACKS,,
KNOWINGLY,,
LACK,,
LACKED,,
LACKING,,
LACKLUSTER,,
LACKS,,
LAG,,
LAGGED,,
LAGGING,,
LAGS,,
LAPSE,,
LAPSED,,
LAPSES,,
LAPSING,,
LATE,,
LAUNDERING,,
LAYOFF,,
LAYOFFS,,
LIE,,
LIMITATION,,
LIMITATIONS,,
LINGERING,,
LIQUIDATE,,
LIQUIDATED,,
LIQUIDATES,,
LIQUIDATING,,
LIQUIDATION,,
LIQUIDATIONS,,
LIQUIDATOR,,
LIQUIDATORS,,
LITIGANT,,
LITIGANTS,,
LITIGATE,,
LITIGATED,,
LITIGATES,,
LITIGATING,,
LITIGATION,,
LITIGATIONS,,
LOCKOUT,,
LOCKOUTS,,
LOSE,,
LOSES,,
LOSING,,
LOSS,,
LOSSES,,
LOST,,
LYING,,
MALFEASANCE,,
MALFUNCTION,,
MALFUNCTIONED,,
MALFUNCTIONING,,
MALFUNCTIONS,,
MALICE,,
MALICIOUS,,
MALICIOUSLY,,
MALPRACTICE,,
MANIPULATE,,
MANIPULATED,,
MANIPULATES,,
MANIPULATING,,
MANIPULATION,,
MANIPULATIONS,,
MANIPULATIVE,,
MARKDOWN,,
MARKDOWNS,,
MISAPPLICATION,,
MISAPPLICATIONS,,
MISAPPLIED,,
MISAPPLIES,,
MISAPPLY,,
MISAPPLYING,,
MISAPPROPRIATE,,
MISAPPROPRIATED,,
MISAPPROPRIATES,,
MISAPPROPRIATING,,
MISAPPROPRIATION,,
MISAPPROPRIATIONS,,
MISBRANDED,,
MISCALCULATE,,
MISCALCULATED,,
MISCALCULATES,,
MISCALCULATING,,
MISCALCULATION,,
MISCALCULATIONS,,
MISCHARACTERIZATION,,
MISCHIEF,,
MISCLASSIFICATION,,
MISCLASSIFICATIONS,,
MISCLASSIFIED,,
MISCLASSIFY,,
MISCOMMUNICATION,,
MISCONDUCT,,
MISDATED,,
MISDEMEANOR,,
MISDEMEANORS,,
MISDIRECTED,,
MISHANDLE,,
MISHANDLED,,
MISHANDLES,,
MISHANDLING,,
MISINFORM,,
MISINFORMATION,,
MISINFORMED,,
MISINFORMING,,
MISINFORMS,,
MISINTERPRET,,
MISINTERPRETATION,,
MISINTERPRETATIONS,,
MISINTERPRETED,,
MISINTERPRETING,,
MISINTERPRETS,,
MISJUDGE,,
MISJUDGED,,
MISJUDGES,,
MISJUDGING,,
MISJUDGMENT,,
MISJUDGMENTS,,
MISLABEL,,
MISLABELED,,
MISLABELING,,
MISLABELLED,,
MISLABELS,,
MISLEAD,,
MISLEADING,,
MISLEADINGLY,,
MISLEADS,,
MISLED,,
MISMANAGE,,
MISMANAGED,,
MISMANAGEMENT,,
MISMANAGES,,
MISMANAGING,,
MISMATCH,,
MISMATCHED,,
MISMATCHES,,
MISMATCHING,,
MISPLACED,,
MISPRICE,,
MISPRICING,,
MISPRICINGS,,
MISREPRESENT,,
MISREPRESENTATION,,
MISREPRESENTATIONS,,
MISREPRESENTED,,
MISREPRESENTING,,
MISREPRESENTS,,
MISS,,
MISSED,,
MISSES,,
MISSTATE,,
MISSTATED,,
MISSTATEMENT,,
MISSTATEMENTS,,
MISSTATES,,
MISSTATING,,
MISSTEP,,
MISSTEPS,,
MISTAKE,,
MISTAKEN,,
MISTAKENLY,,
MISTAKES,,
MISTAKING,,
MISTRIAL,,
MISTRIALS,,
MISUNDERSTAND,,
MISUNDERSTANDING,,
MISUNDERSTANDINGS,,
MISUNDERSTOOD,,
MISUSE,,
MISUSED,,
MISUSES,,
MISUSING,,
MONOPOLISTIC,,
MONOPOLISTS,,
MONOPOLIZATION,,
MONOPOLIZE,,
MONOPOLIZED,,
MONOPOLIZES,,
MONOPOLIZING,,
MONOPOLY,,
MORATORIA,,
MORATORIUM,,
MORATORIUMS,,
MOTHBALLED,,
MOTHBALLING,,
NEGATIVE,,
NEGATIVELY,,
NEGATIVES,,
NEGLECT,,
NEGLECTED,,
NEGLECTFUL,,
NEGLECTING,,
NEGLECTS,,
NEGLIGENCE,,
NEGLIGENCES,,
NEGLIGENT,,
NEGLIGENTLY,,
NONATTAINMENT,,
NONCOMPETITIVE,,
NONCOMPLIANCE,,
NONCOMPLIANCES,,
NONCOMPLIANT,,
NONCOMPLYING,,
NONCONFORMING,,
NONCONFORMITIES,,
NONCONFORMITY,,
NONDISCLOSURE,,
NONFUNCTIONAL,,
NONPAYMENT,,
NONPAYMENTS,,
NONPERFORMANCE,,
NONPERFORMANCES,,
NONPERFORMING,,
NONPRODUCING,,
NONPRODUCTIVE,,
NONRECOVERABLE,,
NONRENEWAL,,
NUISANCE,,
NUISANCES,,
NULLIFICATION,,
NULLIFICATIONS,,
NULLIFIED,,
NULLIFIES,,
NULLIFY,,
NULLIFYING,,
OBJECTED,,
OBJECTING,,
OBJECTION,,
OBJECTIONABLE,,
OBJECTIONABLY,,
OBJECTIONS,,
OBSCENE,,
OBSCENITY,,
OBSOLESCENCE,,
OBSOLETE,,
OBSTACLE,,
OBSTACLES,,
OBSTRUCT,,
OBSTRUCTED,,
OBSTRUCTING,,
OBSTRUCTION,,
OBSTRUCTIONS,,
OFFENCE,,
OFFENCES,,
OFFEND,,
OFFENDED,,
OFFENDER,,
OFFENDERS,,
OFFENDING,,
OFFENDS,,
OMISSION,,
OMISSIONS,,
OMIT,,
OMITS,,
OMITTED,,
OMITTING,,
ONEROUS,,
OPPORTUNISTIC,,
OPPORTUNISTICALLY,,
OPPOSE,,
OPPOSED,,
OPPOSES,,
OPPOSING,,
OPPOSITION,,
OPPOSITIONS,,
OUTAGE,,
OUTAGES,,
OUTDATED,,
OUTMODED,,
OVERAGE,,
OVERAGES,,
OVERBUILD,,
OVERBUILDING,,
OVERBUILDS,,
OVERBUILT,,
OVERBURDEN,,
OVERBURDENED,,
OVERBURDENING,,
OVERCAPACITIES,,
OVERCAPACITY,,
OVERCHARGE,,
OVERCHARGED,,
OVERCHARGES,,
OVERCHARGING,,
OVERCOME,,
OVERCOMES,,
OVERCOMING,,
OVERDUE,,
OVERESTIMATE,,
OVERESTIMATED,,
OVERESTIMATES,,
OVERESTIMATING,,
OVERESTIMATION,,
OVERESTIMATIONS,,
OVERLOAD,,
OVERLOADED,,
OVERLOADING,,
OVERLOADS,,
OVERLOOK,,
OVERLOOKED,,
OVERLOOKING,,
OVERLOOKS,,
OVERPAID,,
OVERPAYMENT,,
OVERPAYMENTS,,
OVERPRODUCED,,
OVERPRODUCES,,
OVERPRODUCING,,
OVERPRODUCTION,,
OVERRUN,,
OVERRUNNING,,
OVERRUNS,,
OVERSHADOW,,
OVERSHADOWED,,
OVERSHADOWING,,
OVERSHADOWS,,
OVERSTATE,,
OVERSTATED,,
OVERSTATEMENT,,
OVERSTATEMENTS,,
OVERSTATES,,
OVERSTATING,,
OVERSUPPLIED,,
OVERSUPPLIES,,
OVERSUPPLY,,
OVERSUPPLYING,,
OVERTLY,,
OVERTURN,,
OVERTURNED,,
OVERTURNING,,
OVERTURNS,,
OVERVALUE,,
OVERVALUED,,
OVERVALUING,,
PANIC,,
PANICS,,
PENALIZE,,
PENALIZED,,
PENALIZES,,
PENALIZING,,
PENALTIES,,
PENALTY,,
PERIL,,
PERILS,,
PERJURY,,
PERPETRATE,,
PERPETRATED,,
PERPETRATES,,
PERPETRATING,,
PERPETRATION,,
PERSIST,,
PERSISTED,,
PERSISTENCE,,
PERSISTENT,,
PERSISTENTLY,,
PERSISTING,,
PERSISTS,,
PERVASIVE,,
PERVASIVELY,,
PERVASIVENESS,,
PETTY,,
PICKET,,
PICKETED,,
PICKETING,,
PLAINTIFF,,
PLAINTIFFS,,
PLEA,,
PLEAD,,
PLEADED,,
PLEADING,,
PLEADINGS,,
PLEADS,,
PLEAS,,
PLED,,
POOR,,
POORLY,,
POSES,,
POSING,,
POSTPONE,,
POSTPONED,,
POSTPONEMENT,,
POSTPONEMENTS,,
POSTPONES,,
POSTPONING,,
PRECIPITATED,,
PRECIPITOUS,,
PRECIPITOUSLY,,
PRECLUDE,,
PRECLUDED,,
PRECLUDES,,
PRECLUDING,,
PREDATORY,,
PREJUDICE,,
PREJUDICED,,
PREJUDICES,,
PREJUDICIAL,,
PREJUDICING,,
PREMATURE,,
PREMATURELY,,
PRESSING,,
PRETRIAL,,
PREVENTING,,
PREVENTION,,
PREVENTS,,
PROBLEM,,
PROBLEMATIC,,
PROBLEMATICAL,,
PROBLEMS,,
PROLONG,,
PROLONGATION,,
PROLONGATIONS,,
PROLONGED,,
PROLONGING,,
PROLONGS,,
PRONE,,
PROSECUTE,,
PROSECUTED,,
PROSECUTES,,
PROSECUTING,,
PROSECUTION,,
PROSECUTIONS,,
PROTEST,,
PROTESTED,,
PROTESTER,,
PROTESTERS,,
PROTESTING,,
PROTESTOR,,
PROTESTORS,,
PROTESTS,,
PROTRACTED,,
PROTRACTION,,
PROVOKE,,
PROVOKED,,
PROVOKES,,
PROVOKING,,
PUNISHED,,
PUNISHES,,
PUNISHING,,
PUNISHMENT,,
PUNISHMENTS,,
PUNITIVE,,
PURPORT,,
PURPORTED,,
PURPORTEDLY,,
PURPORTING,,
PURPORTS,,
QUESTION,,
QUESTIONABLE,,
QUESTIONABLY,,
QUESTIONED,,
QUESTIONING,,
QUESTIONS,,
QUIT,,
QUITTING,,
RACKETEER,,
RACKETEERING,,
RATIONALIZATION,,
RATIONALIZATIONS,,
RATIONALIZE,,
RATIONALIZED,,
RATIONALIZES,,
RATIONALIZING,,
REASSESSMENT,,
REASSESSMENTS,,
REASSIGN,,
REASSIGNED,,
REASSIGNING,,
REASSIGNMENT,,
REASSIGNMENTS,,
REASSIGNS,,
RECALL,,
RECALLED,,
RECALLING,,
RECALLS,,
RECESSION,,
RECESSIONARY,,
RECESSIONS,,
RECKLESS,,
RECKLESSLY,,
RECKLESSNESS,,
REDACT,,
REDACTED,,
REDACTING,,
REDACTION,,
REDACTIONS,,
REDEFAULT,,
REDEFAULTED,,
REDEFAULTS,,
REDRESS,,
REDRESSED,,
REDRESSES,,
REDRESSING,,
REFUSAL,,
REFUSALS,,
REFUSE,,
REFUSED,,
REFUSES,,
REFUSING,,
REJECT,,
REJECTED,,
REJECTING,,
REJECTION,,
REJECTIONS,,
REJECTS,,
RELINQUISH,,
RELINQUISHED,,
RELINQUISHES,,
RELINQUISHING,,
RELINQUISHMENT,,
RELINQUISHMENTS,,
RELUCTANCE,,
RELUCTANT,,
RENEGOTIATE,,
RENEGOTIATED,,
RENEGOTIATES,,
RENEGOTIATING,,
RENEGOTIATION,,
RENEGOTIATIONS,,
RENOUNCE,,
RENOUNCED,,
RENOUNCEMENT,,
RENOUNCEMENTS,,
RENOUNCES,,
RENOUNCING,,
REPARATION,,
REPARATIONS,,
REPOSSESSED,,
REPOSSESSES,,
REPOSSESSING,,
REPOSSESSION,,
REPOSSESSIONS,,
REPUDIATE,,
REPUDIATED,,
REPUDIATES,,
REPUDIATING,,
REPUDIATION,,
REPUDIATIONS,,
RESIGN,,
RESIGNATION,,
RESIGNATIONS,,
RESIGNED,,
RESIGNING,,
RESIGNS,,
RESTATE,,
RESTATED,,
RESTATEMENT,,
RESTATEMENTS,,
RESTATES,,
RESTATING,,
RESTRUCTURE,,
RESTRUCTURED,,
RESTRUCTURES,,
RESTRUCTURING,,
RESTRUCTURINGS,,
RETALIATE,,
RETALIATED,,
RETALIATES,,
RETALIATING,,
RETALIATION,,
RETALIATIONS,,
RETALIATORY,,
RETRIBUTION,,
RETRIBUTIONS,,
REVOCATION,,
REVOCATIONS,,
REVOKE,,
REVOKED,,
REVOKES,,
REVOKING,,
RIDICULE,,
RIDICULED,,
RIDICULES,,
RIDICULING,,
RISKIER,,
RISKIEST,,
RISKY,,
SABOTAGE,,
SACRIFICE,,
SACRIFICED,,
SACRIFICES,,
SACRIFICIAL,,
SACRIFICING,,
SCANDALOUS,,
SCANDALS,,
SCRUTINIZE,,
SCRUTINIZED,,
SCRUTINIZES,,
SCRUTINIZING,,
SCRUTINY,,
SECRECY,,
SEIZE,,
SEIZED,,
SEIZES,,
SEIZING,,
SENTENCED,,
SENTENCING,,
SERIOUS,,
SERIOUSLY,,
SERIOUSNESS,,
SETBACK,,
SETBACKS,,
SEVER,,
SEVERE,,
SEVERED,,
SEVERELY,,
SEVERITIES,,
SEVERITY,,
SHARPLY,,
SHOCKED,,
SHORTAGE,,
SHORTAGES,,
SHORTFALL,,
SHORTFALLS,,
SHRINKAGE,,
SHRINKAGES,,
SHUT,,
SHUTDOWN,,
SHUTDOWNS,,
SHUTS,,
SHUTTING,,
SLANDER,,
SLANDERED,,
SLANDEROUS,,
SLANDERS,,
SLIPPAGE,,
SLIPPAGES,,
SLOW,,
SLOWDOWN,,
SLOWDOWNS,,
SLOWED,,
SLOWER,,
SLOWEST,,
SLOWING,,
SLOWLY,,
SLOWNESS,,
SLUGGISH,,
SLUGGISHLY,,
SLUGGISHNESS,,
SOLVENCIES,,
SOLVENCY,,
SPAM,,
SPAMMERS,,
SPAMMING,,
STAGGERING,,
STAGNANT,,
STAGNATE,,
STAGNATED,,
STAGNATES,,
STAGNATING,,
STAGNATION,,
STANDSTILL,,
STANDSTILLS,,
STOLEN,,
STOPPAGE,,
STOPPAGES,,
STOPPED,,
STOPPING,,
STOPS,,
STRAIN,,
STRAINED,,
STRAINING,,
STRAINS,,
STRESS,,
STRESSED,,
STRESSES,,
STRESSFUL,,
STRESSING,,
STRINGENT,,
SUBJECTED,,
SUBJECTING,,
SUBJECTION,,
SUBPOENA,,
SUBPOENAED,,
SUBPOENAS,,
SUBSTANDARD,,
SUE,,
SUED,,
SUES,,
SUFFER,,
SUFFERED,,
SUFFERING,,
SUFFERS,,
SUING,,
SUMMONED,,
SUMMONING,,
SUMMONS,,
SUMMONSES,,
SUSCEPTIBILITY,,
SUSCEPTIBLE,,
SUSPECT,,
SUSPECTED,,
SUSPECTS,,
SUSPEND,,
SUSPENDED,,
SUSPENDING,,
SUSPENDS,,
SUSPENSION,,
SUSPENSIONS,,
SUSPICION,,
SUSPICIONS,,
SUSPICIOUS,,
SUSPICIOUSLY,,
TAINT,,
TAINTED,,
TAINTING,,
TAINTS,,
TAMPERED,,
TENSE,,
TERMINATE,,
TERMINATED,,
TERMINATES,,
TERMINATING,,
TERMINATION,,
TERMINATIONS,,
TESTIFY,,
TESTIFYING,,
THREAT,,
THREATEN,,
THREATENED,,
THREATENING,,
THREATENS,,
THREATS,,
TIGHTENING,,
TOLERATE,,
TOLERATED,,
TOLERATES,,
TOLERATING,,
TOLERATION,,
TORTUOUS,,
TORTUOUSLY,,
TRAGEDIES,,
TRAGEDY,,
TRAGIC,,
TRAGICALLY,,
TRAUMATIC,,
TROUBLE,,
TROUBLED,,
TROUBLES,,
TURBULENCE,,
TURMOIL,,
UNABLE,,
UNACCEPTABLE,,
UNACCEPTABLY,,
UNACCOUNTED,,
UNANNOUNCED,,
UNANTICIPATED,,
UNAPPROVED,,
UNATTRACTIVE,,
UNAUTHORIZED,,
UNAVAILABILITY,,
UNAVAILABLE,,
UNAVOIDABLE,,
UNAVOIDABLY,,
UNAWARE,,
UNCOLLECTABLE,,
UNCOLLECTED,,
UNCOLLECTIBILITY,,
UNCOLLECTIBLE,,
UNCOLLECTIBLES,,
UNCOMPETITIVE,,
UNCOMPLETED,,
UNCONSCIONABLE,,
UNCONSCIONABLY,,
UNCONTROLLABLE,,
UNCONTROLLABLY,,
UNCONTROLLED,,
UNCORRECTED,,
UNCOVER,,
UNCOVERED,,
UNCOVERING,,
UNCOVERS,,
UNDELIVERABLE,,
UNDELIVERED,,
UNDERCAPITALIZED,,
UNDERCUT,,
UNDERCUTS,,
UNDERCUTTING,,
UNDERESTIMATE,,
UNDERESTIMATED,,
UNDERESTIMATES,,
UNDERESTIMATING,,
UNDERESTIMATION,,
UNDERFUNDED,,
UNDERINSURED,,
UNDERMINE,,
UNDERMINED,,
UNDERMINES,,
UNDERMINING,,
UNDERPAID,,
UNDERPAYMENT,,
UNDERPAYMENTS,,
UNDERPAYS,,
UNDERPERFORM,,
UNDERPERFORMANCE,,
UNDERPERFORMED,,
UNDERPERFORMING,,
UNDERPERFORMS,,
UNDERPRODUCED,,
UNDERPRODUCTION,,
UNDERREPORTING,,
UNDERSTATE,,
UNDERSTATED,,
UNDERSTATEMENT,,
UNDERSTATEMENTS,,
UNDERSTATES,,
UNDERSTATING,,
UNDERUTILIZATION,,
UNDERUTILIZED,,
UNDESIRABLE,,
UNDESIRED,,
UNDETECTED,,
UNDETERMINED,,
UNDISCLOSED,,
UNDOCUMENTED,,
UNDUE,,
UNDULY,,
UNECONOMIC,,
UNECONOMICAL,,
UNECONOMICALLY,,
UNEMPLOYED,,
UNEMPLOYMENT,,
UNETHICAL,,
UNETHICALLY,,
UNEXCUSED,,
UNEXPECTED,,
UNEXPECTEDLY,,
UNFAIR,,
UNFAIRLY,,
UNFAVORABILITY,,
UNFAVORABLE,,
UNFAVORABLY,,
UNFAVOURABLE,,
UNFEASIBLE,,
UNFIT,,
UNFITNESS,,
UNFORESEEABLE,,
UNFORESEEN,,
UNFORSEEN,,
UNFORTUNATE,,
UNFORTUNATELY,,
UNFOUNDED,,
UNFRIENDLY,,
UNFULFILLED,,
UNFUNDED,,
UNINSURED,,
UNINTENDED,,
UNINTENTIONAL,,
UNINTENTIONALLY,,
UNJUST,,
UNJUSTIFIABLE,,
UNJUSTIFIABLY,,
UNJUSTIFIED,,
UNJUSTLY,,
UNKNOWING,,
UNKNOWINGLY,,
UNLAWFUL,,
UNLAWFULLY,,
UNLICENSED,,
UNLIQUIDATED,,
UNMARKETABLE,,
UNMERCHANTABLE,,
UNMERITORIOUS,,
UNNECESSARILY,,
UNNECESSARY,,
UNNEEDED,,
UNOBTAINABLE,,
UNOCCUPIED,,
UNPAID,,
UNPERFORMED,,
UNPLANNED,,
UNPOPULAR,,
UNPREDICTABILITY,,
UNPREDICTABLE,,
UNPREDICTABLY,,
UNPREDICTED,,
UNPRODUCTIVE,,
UNPROFITABILITY,,
UNPROFITABLE,,
UNQUALIFIED,,
UNREALISTIC,,
UNREASONABLE,,
UNREASONABLENESS,,
UNREASONABLY,,
UNRECEPTIVE,,
UNRECOVERABLE,,
UNRECOVERED,,
UNREIMBURSED,,
UNRELIABLE,,
UNREMEDIED,,
UNREPORTED,,
UNRESOLVED,,
UNREST,,
UNSAFE,,
UNSALABLE,,
UNSALEABLE,,
UNSATISFACTORY,,
UNSATISFIED,,
UNSAVORY,,
UNSCHEDULED,,
UNSELLABLE,,
UNSOLD,,
UNSOUND,,
UNSTABILIZED,,
UNSTABLE,,
UNSUBSTANTIATED,,
UNSUCCESSFUL,,
UNSUCCESSFULLY,,
UNSUITABILITY,,
UNSUITABLE,,
UNSUITABLY,,
UNSUITED,,
UNSURE,,
UNSUSPECTED,,
UNSUSPECTING,,
UNSUSTAINABLE,,
UNTENABLE,,
UNTIMELY,,
UNTRUSTED,,
UNTRUTH,,
UNTRUTHFUL,,
UNTRUTHFULLY,,
UNTRUTHFULNESS,,
UNTRUTHS,,
UNUSABLE,,
UNWANTED,,
UNWARRANTED,,
UNWELCOME,,
UNWILLING,,
UNWILLINGNESS,,
UPSET,,
URGENCY,,
URGENT,,
USURIOUS,,
USURP,,
USURPED,,
USURPING,,
USURPS,,
USURY,,
VANDALISM,,
VERDICT,,
VERDICTS,,
VETOED,,
VICTIMS,,
VIOLATE,,
VIOLATED,,
VIOLATES,,
VIOLATING,,
VIOLATION,,
VIOLATIONS,,
VIOLATIVE,,
VIOLATOR,,
VIOLATORS,,
VIOLENCE,,
VIOLENT,,
VIOLENTLY,,
VITIATE,,
VITIATED,,
VITIATES,,
VITIATING,,
VITIATION,,
VOIDED,,
VOIDING,,
VOLATILE,,
VOLATILITY,,
VULNERABILITIES,,
VULNERABILITY,,
VULNERABLE,,
VULNERABLY,,
WARN,,
WARNED,,
WARNING,,
WARNINGS,,
WARNS,,
WASTED,,
WASTEFUL,,
WASTING,,
WEAK,,
WEAKEN,,
WEAKENED,,
WEAKENING,,
WEAKENS,,
WEAKER,,
WEAKEST,,
WEAKLY,,
WEAKNESS,,
WEAKNESSES,,
WILLFULLY,,
WORRIES,,
WORRY,,
WORRYING,,
WORSE,,
WORSEN,,
WORSENED,,
WORSENING,,
WORSENS,,
WORST,,
WORTHLESS,,
WRITEDOWN,,
WRITEDOWNS,,
WRITEOFF,,
WRITEOFFS,,
WRONG,,
WRONGDOING,,
WRONGDOINGS,,
WRONGFUL,,
WRONGFULLY,,
WRONGLY,,
sell,,
underperform,,
underweight,,
frozen,,
bleeding,,
reduce,,
